Offense ID,MCPP,Longitude,Latitude,Crime Against Category,Offense Parent Group,Offense
12605873663,MAGNOLIA,-122.38597372299999,47.64938723,SOCIETY,DRUG/NARCOTIC OFFENSES,Drug/Narcotic Violations
12605598696,ROOSEVELT/RAVENNA,-122.323399063,47.67511789,PROPERTY,LARCENY-THEFT,Theft of Motor Vehicle Parts or Accessories
12605567653,ROOSEVELT/RAVENNA,-122.29955218,47.66638407,PROPERTY,ROBBERY,Robbery
12605174036,MAGNOLIA,-122.384864805,47.64292734,PROPERTY,DESTRUCTION/DAMAGE/VANDALISM OF PROPERTY,Destruction/Damage/Vandalism of Property
12605097782,NORTH BEACON HILL,-122.314718681,47.58024753,PROPERTY,DESTRUCTION/DAMAGE/VANDALISM OF PROPERTY,Destruction/Damage/Vandalism of Property
12605081469,BALLARD SOUTH,-122.36619534200001,47.66219308,SOCIETY,DRIVING UNDER THE INFLUENCE,Driving Under the Influence
12605077150,DOWNTOWN COMMERCIAL,-122.338449515,47.60878866,PROPERTY,LARCENY-THEFT,Shoplifting
12605030307,NORTH ADMIRAL,-122.386659755,47.5783244,SOCIETY,DRIVING UNDER THE INFLUENCE,Driving Under the Influence
12605029468,PHINNEY RIDGE,-122.355309065,47.68052695,PROPERTY,DESTRUCTION/DAMAGE/VANDALISM OF PROPERTY,Destruction/Damage/Vandalism of Property
12604995759,ROXHILL/WESTWOOD/ARBOR HEIGHTS,-122.36731199299999,47.52102758,PROPERTY,LARCENY-THEFT,Shoplifting
12605015456,SANDPOINT,-122.30489081,47.69756434,PROPERTY,DESTRUCTION/DAMAGE/VANDALISM OF PROPERTY,Destruction/Damage/Vandalism of Property
12604963106,NORTHGATE,-122.312077769,47.69761617,SOCIETY,DRIVING UNDER THE INFLUENCE,Driving Under the Influence
12605008517,CAPITOL HILL,-122.316845012,47.61468385,PROPERTY,LARCENY-THEFT,Theft From Motor Vehicle
12604928711,CAPITOL HILL,-122.320789514,47.61465549,PROPERTY,LARCENY-THEFT,Shoplifting
12604927228,UNIVERSITY,-122.32072010600001,47.66247336,PROPERTY,FRAUD OFFENSES,Wire Fraud
12604929082,COLUMBIA CITY,0.0,0.0,PROPERTY,LARCENY-THEFT,Theft From Building
12605193820,COLUMBIA CITY,0.0,0.0,PERSON,KIDNAPPING/ABDUCTION,Kidnapping/Abduction
12604909238,NORTH BEACON HILL,-122.315976829,47.5859559,PROPERTY,LARCENY-THEFT,Theft From Motor Vehicle
12604898406,GEORGETOWN,-122.339439095,47.56132149,SOCIETY,DRIVING UNDER THE INFLUENCE,Driving Under the Influence
12604889529,CAPITOL HILL,-122.320863694,47.61932364,PROPERTY,COUNTERFEITING/FORGERY,Counterfeiting/Forgery
12604874045,FIRST HILL,-122.316778894,47.61156267,PROPERTY,LARCENY-THEFT,Theft From Motor Vehicle
12604760012,GEORGETOWN,-122.32290903200001,47.54294056,PROPERTY,DESTRUCTION/DAMAGE/VANDALISM OF PROPERTY,Destruction/Damage/Vandalism of Property
12604768348,UNIVERSITY,-122.313115709,47.66218058,PROPERTY,LARCENY-THEFT,Shoplifting
12604748428,QUEEN ANNE,-122.361938917,47.62394954,PROPERTY,LARCENY-THEFT,Theft From Motor Vehicle
12604733588,SODO,-122.33200668399999,47.57140627,PROPERTY,DESTRUCTION/DAMAGE/VANDALISM OF PROPERTY,Destruction/Damage/Vandalism of Property
12604714462,NORTHGATE,-122.33452432,47.70233163,SOCIETY,DRUG/NARCOTIC OFFENSES,Drug/Narcotic Violations
12604680236,DOWNTOWN COMMERCIAL,-122.330510332,47.60188591,SOCIETY,DRUG/NARCOTIC OFFENSES,Drug/Narcotic Violations
12604667448,QUEEN ANNE,-122.353751129,47.61859552,PROPERTY,LARCENY-THEFT,All Other Larceny
12604662310,QUEEN ANNE,-122.36180477399999,47.630894399999995,PROPERTY,LARCENY-THEFT,Theft From Motor Vehicle
12604701795,CENTRAL AREA/SQUIRE PARK,-122.308863594,47.61221899,SOCIETY,PORNOGRAPHY/OBSCENE MATERIAL,Pornography/Obscene Material
12604629255,CENTRAL AREA/SQUIRE PARK,-122.308863594,47.61221899,PROPERTY,EXTORTION/BLACKMAIL,Extortion/Blackmail
12604504697,NORTHGATE,-122.34483426799999,47.71354798,PROPERTY,LARCENY-THEFT,Shoplifting
12604473206,MID BEACON HILL,-122.314783435,47.55638651,PROPERTY,LARCENY-THEFT,Theft From Motor Vehicle
12604458633,NORTH BEACON HILL,-122.30489459799999,47.57999734,PROPERTY,MOTOR VEHICLE THEFT,Motor Vehicle Theft
12604336720,UNIVERSITY,-122.313115709,47.66218058,PROPERTY,LARCENY-THEFT,Shoplifting
12604443489,CENTRAL AREA/SQUIRE PARK,-122.30893628,47.60709807,PROPERTY,MOTOR VEHICLE THEFT,Motor Vehicle Theft
12604319004,ALASKA JUNCTION,-122.381493999,47.5565447,PROPERTY,LARCENY-THEFT,All Other Larceny
12604232453,SODO,-122.329988664,47.57876794,PROPERTY,LARCENY-THEFT,Theft From Building
12604223543,DOWNTOWN COMMERCIAL,-122.33049384200001,47.60512615,PROPERTY,ROBBERY,Robbery
12604179190,FREMONT,-122.34563939,47.65912603,PROPERTY,LARCENY-THEFT,Theft of Motor Vehicle Parts or Accessories
12604173337,DOWNTOWN COMMERCIAL,-122.33612872100001,47.61044597,PROPERTY,COUNTERFEITING/FORGERY,Counterfeiting/Forgery
12604095457,ROXHILL/WESTWOOD/ARBOR HEIGHTS,-122.378095285,47.51654951,PROPERTY,LARCENY-THEFT,All Other Larceny
12604100395,NORTH ADMIRAL,-122.383821146,47.58323011,PROPERTY,LARCENY-THEFT,Theft From Motor Vehicle
12604082101,DOWNTOWN COMMERCIAL,-122.334607817,47.60291195,PROPERTY,LARCENY-THEFT,Theft From Motor Vehicle
12604185842,SLU/CASCADE,-122.343650126,47.6185566,PROPERTY,MOTOR VEHICLE THEFT,Motor Vehicle Theft
12603996255,CHINATOWN/INTERNATIONAL DISTRICT,-122.320159539,47.60169935,PROPERTY,LARCENY-THEFT,All Other Larceny
12603989151,FREMONT,-122.34562812,47.66007201,PROPERTY,LARCENY-THEFT,Theft From Motor Vehicle
12603706656,SANDPOINT,-122.26222809299999,47.67889074,SOCIETY,DRIVING UNDER THE INFLUENCE,Driving Under the Influence
12603706291,BALLARD SOUTH,-122.37218016,47.66365981,PROPERTY,LARCENY-THEFT,Theft of Motor Vehicle Parts or Accessories
12603681821,SLU/CASCADE,0.0,0.0,PROPERTY,DESTRUCTION/DAMAGE/VANDALISM OF PROPERTY,Destruction/Damage/Vandalism of Property
12603688357,SLU/CASCADE,0.0,0.0,PERSON,SEX OFFENSES,Sodomy
12603653571,CAPITOL HILL,-122.316238574,47.61760538,PROPERTY,ROBBERY,Robbery
12603625989,HILLMAN CITY,-122.287586514,47.55049818,PROPERTY,DESTRUCTION/DAMAGE/VANDALISM OF PROPERTY,Destruction/Damage/Vandalism of Property
12603551807,DOWNTOWN COMMERCIAL,-122.33511980200001,47.61018167,PROPERTY,LARCENY-THEFT,Theft From Motor Vehicle
12603505805,FIRST HILL,-122.319411925,47.60478099,PROPERTY,EXTORTION/BLACKMAIL,Extortion/Blackmail
12603489906,NORTHGATE,-122.34499682799999,47.72503555,PROPERTY,LARCENY-THEFT,Shoplifting
12603492046,NORTHGATE,-122.34499682799999,47.72503555,PROPERTY,STOLEN PROPERTY OFFENSES,Stolen Property Offenses
12603435446,MAGNOLIA,-122.38755847600001,47.65137209,PROPERTY,DESTRUCTION/DAMAGE/VANDALISM OF PROPERTY,Destruction/Damage/Vandalism of Property
12603405539,NORTHGATE,-122.32461515799999,47.7086028,PROPERTY,LARCENY-THEFT,Shoplifting
12603393850,CHINATOWN/INTERNATIONAL DISTRICT,-122.324731506,47.59835127,PROPERTY,LARCENY-THEFT,Theft From Building
12603378761,CHINATOWN/INTERNATIONAL DISTRICT,-122.322052376,47.59750785,PROPERTY,LARCENY-THEFT,Theft From Motor Vehicle
12603358305,ROOSEVELT/RAVENNA,-122.324611421,47.68015558,PROPERTY,FRAUD OFFENSES,False Pretenses/Swindle/Confidence Game
12603425679,NORTHGATE,-122.316877599,47.70400593,PROPERTY,LARCENY-THEFT,Theft From Motor Vehicle
12603342697,HIGH POINT,-122.372273693,47.55286188,PROPERTY,LARCENY-THEFT,All Other Larceny
12603327658,BALLARD SOUTH,-122.37217846,47.66504444,PROPERTY,LARCENY-THEFT,All Other Larceny
12603329430,CAPITOL HILL,-122.324495896,47.61704694,PROPERTY,LARCENY-THEFT,Theft From Building
12603300218,MOUNT BAKER,-122.299022274,47.58435803,PROPERTY,DESTRUCTION/DAMAGE/VANDALISM OF PROPERTY,Destruction/Damage/Vandalism of Property
12603293203,FIRST HILL,-122.32922111,47.60960404,PROPERTY,LARCENY-THEFT,All Other Larceny
12603278169,HIGHLAND PARK,-122.35508026,47.52516304,PROPERTY,FRAUD OFFENSES,Credit Card/Automated Teller Machine Fraud
12603262460,HILLMAN CITY,-122.28811157,47.5516102,PROPERTY,EMBEZZLEMENT,Embezzlement
12603264966,HIGH POINT,-122.376509787,47.54195105,PROPERTY,MOTOR VEHICLE THEFT,Motor Vehicle Theft
12603255555,BITTERLAKE,-122.35545968299999,47.70599117,SOCIETY,DRIVING UNDER THE INFLUENCE,Driving Under the Influence
12603243471,BALLARD SOUTH,-122.37218016,47.66365981,PROPERTY,LARCENY-THEFT,Shoplifting
12603229695,PIONEER SQUARE,-122.33287805299999,47.60047410000001,PROPERTY,LARCENY-THEFT,Theft From Building
12603219787,BELLTOWN,-122.350186371,47.616134100000004,PROPERTY,FRAUD OFFENSES,Credit Card/Automated Teller Machine Fraud
12603216269,ROXHILL/WESTWOOD/ARBOR HEIGHTS,-122.364542433,47.52193839,PROPERTY,LARCENY-THEFT,Theft From Motor Vehicle
12603213007,GEORGETOWN,-122.326153215,47.54625,PROPERTY,DESTRUCTION/DAMAGE/VANDALISM OF PROPERTY,Destruction/Damage/Vandalism of Property
12603235804,SOUTH BEACON HILL,-122.28512018,47.5165395,PROPERTY,FRAUD OFFENSES,Wire Fraud
12603179493,CAPITOL HILL,-122.320789514,47.61465549,PROPERTY,LARCENY-THEFT,Shoplifting
12603181869,PIONEER SQUARE,-122.33097634200001,47.59828697,PROPERTY,LARCENY-THEFT,All Other Larceny
12603176263,MID BEACON HILL,0.0,0.0,PERSON,SEX OFFENSES,Rape
12603172639,QUEEN ANNE,-122.366339921,47.63595428,SOCIETY,DRUG/NARCOTIC OFFENSES,Drug/Narcotic Violations
12603140175,QUEEN ANNE,-122.362586854,47.62460516,PROPERTY,MOTOR VEHICLE THEFT,Motor Vehicle Theft
12603125126,BALLARD SOUTH,-122.368605586,47.66329603,PROPERTY,MOTOR VEHICLE THEFT,Motor Vehicle Theft
12603089566,ROOSEVELT/RAVENNA,-122.31651049999999,47.67497945,PROPERTY,LARCENY-THEFT,Shoplifting
12603096154,CENTRAL AREA/SQUIRE PARK,-122.303753445,47.61764399,PROPERTY,LARCENY-THEFT,Theft From Motor Vehicle
12603113756,BELLTOWN,-122.352887455,47.61597109,PROPERTY,LARCENY-THEFT,Theft From Building
12603070436,ROOSEVELT/RAVENNA,-122.31651049999999,47.67497945,PROPERTY,LARCENY-THEFT,Shoplifting
12603071183,RAINIER VIEW,-122.26472355899999,47.51258367,PROPERTY,LARCENY-THEFT,Theft From Motor Vehicle
12603013610,MAGNOLIA,-122.398309451,47.64217288,PROPERTY,LARCENY-THEFT,Shoplifting
12603005065,QUEEN ANNE,-122.34625495799999,47.64176879,PROPERTY,LARCENY-THEFT,Theft From Motor Vehicle
12602993330,HIGH POINT,-122.36129766200001,47.5360414,PROPERTY,LARCENY-THEFT,Shoplifting
12602957745,SLU/CASCADE,-122.337879034,47.61588661,PROPERTY,LARCENY-THEFT,Shoplifting
12602938497,CAPITOL HILL,-122.327804574,47.61393023,PROPERTY,LARCENY-THEFT,All Other Larceny
12602937895,FIRST HILL,-122.316781855,47.60218964,PROPERTY,LARCENY-THEFT,All Other Larceny
12602937684,CAPITOL HILL,-122.32089167299999,47.62107587,PROPERTY,DESTRUCTION/DAMAGE/VANDALISM OF PROPERTY,Destruction/Damage/Vandalism of Property
12602919317,SLU/CASCADE,-122.33084410200001,47.62642066,PROPERTY,LARCENY-THEFT,Theft From Building
12602913229,CHINATOWN/INTERNATIONAL DISTRICT,-122.325063697,47.59709367,PROPERTY,LARCENY-THEFT,All Other Larceny
12603481782,ALASKA JUNCTION,-122.379318965,47.55200342,PROPERTY,LARCENY-THEFT,Theft From Motor Vehicle
12602904965,ALASKA JUNCTION,-122.379318965,47.55200342,PROPERTY,MOTOR VEHICLE THEFT,Motor Vehicle Theft
12602895526,SLU/CASCADE,-122.336479326,47.62454524,PROPERTY,LARCENY-THEFT,Shoplifting
12602889989,MOUNT BAKER,-122.280730889,47.57019913,PROPERTY,LARCENY-THEFT,Theft From Motor Vehicle
12602890959,DOWNTOWN COMMERCIAL,-122.33501787600001,47.61090902,PROPERTY,LARCENY-THEFT,Shoplifting
12602890297,DOWNTOWN COMMERCIAL,-122.331082199,47.60241242,PROPERTY,ROBBERY,Robbery
12602877558,NORTH ADMIRAL,-122.377542525,47.57927478,PROPERTY,LARCENY-THEFT,Theft From Motor Vehicle
12602864315,FREMONT,-122.35448367,47.65046915,PROPERTY,LARCENY-THEFT,Theft From Motor Vehicle
12602833182,JUDKINS PARK/NORTH BEACON HILL,-122.310924822,47.5992282,PROPERTY,LARCENY-THEFT,Theft From Motor Vehicle
12602800752,DOWNTOWN COMMERCIAL,-122.340630935,47.60872352,PROPERTY,LARCENY-THEFT,Theft From Building
12602800513,PIONEER SQUARE,-122.333268209,47.59678343,PROPERTY,LARCENY-THEFT,Theft From Building
12602786301,FIRST HILL,-122.317913914,47.61236106,PROPERTY,LARCENY-THEFT,Theft From Motor Vehicle
12602799707,MAGNOLIA,-122.400992585,47.64004087,PROPERTY,ROBBERY,Robbery
12602795089,ALASKA JUNCTION,-122.37613502100001,47.56929162,PROPERTY,DESTRUCTION/DAMAGE/VANDALISM OF PROPERTY,Destruction/Damage/Vandalism of Property
12602695838,NORTHGATE,-122.320437266,47.70266813,PROPERTY,LARCENY-THEFT,Theft From Motor Vehicle
12602698700,EASTLAKE - WEST,-122.32519843799999,47.64650426,PROPERTY,MOTOR VEHICLE THEFT,Motor Vehicle Theft
12602668826,FREMONT,-122.34979117299999,47.65001037,PROPERTY,FRAUD OFFENSES,Identity Theft
12602639482,NORTHGATE,-122.32461515799999,47.7086028,PROPERTY,LARCENY-THEFT,Theft From Motor Vehicle
12602639936,BALLARD SOUTH,-122.388860707,47.66867356,PROPERTY,LARCENY-THEFT,All Other Larceny
12602616572,NORTH BEACON HILL,-122.317280369,47.59076389,PROPERTY,LARCENY-THEFT,Theft From Motor Vehicle
12602613988,QUEEN ANNE,-122.344937685,47.62758727,PROPERTY,LARCENY-THEFT,Theft From Motor Vehicle
12602613638,MADRONA/LESCHI,-122.286922048,47.5985085,PROPERTY,LARCENY-THEFT,Theft From Motor Vehicle
12602696572,NORTHGATE,-122.34483426799999,47.71354798,PROPERTY,LARCENY-THEFT,Shoplifting
12602702303,NORTHGATE,-122.34483426799999,47.71354798,SOCIETY,DRUG/NARCOTIC OFFENSES,Drug/Narcotic Violations
12602605039,CAPITOL HILL,-122.324320572,47.61264032,PROPERTY,LARCENY-THEFT,Theft From Building
12602602508,SLU/CASCADE,-122.351483825,47.62500382,PROPERTY,DESTRUCTION/DAMAGE/VANDALISM OF PROPERTY,Destruction/Damage/Vandalism of Property
12602602207,DOWNTOWN COMMERCIAL,-122.34001342200001,47.60882096,PROPERTY,LARCENY-THEFT,Theft From Motor Vehicle
12602592249,UNIVERSITY,-122.31548087200001,47.65982286,PROPERTY,LARCENY-THEFT,Theft From Motor Vehicle
12602592698,ALASKA JUNCTION,-122.392108224,47.56935997,PROPERTY,FRAUD OFFENSES,False Pretenses/Swindle/Confidence Game
12602590662,DOWNTOWN COMMERCIAL,-122.338348304,47.60951744,PROPERTY,LARCENY-THEFT,All Other Larceny
12602590482,NORTHGATE,-122.341927731,47.69906761,PROPERTY,DESTRUCTION/DAMAGE/VANDALISM OF PROPERTY,Destruction/Damage/Vandalism of Property
12602597067,ROOSEVELT/RAVENNA,-122.300744931,47.68253569,PROPERTY,MOTOR VEHICLE THEFT,Motor Vehicle Theft
12602581406,UNIVERSITY,-122.31374637399999,47.65980204,PROPERTY,LARCENY-THEFT,Theft From Motor Vehicle
12602570550,UNIVERSITY,-122.31840882200001,47.66221425,PROPERTY,LARCENY-THEFT,Theft From Motor Vehicle
12602588080,BITTERLAKE,-122.35554670799999,47.72323367,PROPERTY,DESTRUCTION/DAMAGE/VANDALISM OF PROPERTY,Destruction/Damage/Vandalism of Property
12602541927,BALLARD SOUTH,-122.382666321,47.66595739,PROPERTY,LARCENY-THEFT,All Other Larceny
12602541691,DOWNTOWN COMMERCIAL,-122.338146742,47.61097516,PROPERTY,LARCENY-THEFT,All Other Larceny
12602547070,BELLTOWN,-122.35316864,47.61730887,PROPERTY,LARCENY-THEFT,Theft From Building
12602531517,ROOSEVELT/RAVENNA,-122.290822445,47.67032171,PROPERTY,LARCENY-THEFT,Theft From Motor Vehicle
12602529781,BELLTOWN,-122.35316864,47.61730887,PROPERTY,LARCENY-THEFT,All Other Larceny
12602528734,ALASKA JUNCTION,-122.377447628,47.56558373,PROPERTY,LARCENY-THEFT,Theft From Motor Vehicle
12602542010,ALASKA JUNCTION,-122.3874491,47.56473744,PROPERTY,DESTRUCTION/DAMAGE/VANDALISM OF PROPERTY,Destruction/Damage/Vandalism of Property
12602502814,SLU/CASCADE,-122.346170622,47.61669063,PROPERTY,LARCENY-THEFT,All Other Larceny
12602502648,ALASKA JUNCTION,-122.37744548799999,47.56742553,PROPERTY,LARCENY-THEFT,Theft From Motor Vehicle
12602502424,CENTRAL AREA/SQUIRE PARK,-122.300082009,47.61588924,PROPERTY,LARCENY-THEFT,Theft From Motor Vehicle
12602493712,UNIVERSITY,-122.31763816200001,47.66129873,PROPERTY,DESTRUCTION/DAMAGE/VANDALISM OF PROPERTY,Destruction/Damage/Vandalism of Property
12602491238,CAPITOL HILL,-122.323415475,47.61523114,PROPERTY,LARCENY-THEFT,All Other Larceny
12602479817,SLU/CASCADE,-122.33357712700001,47.61628073,PROPERTY,LARCENY-THEFT,Theft From Motor Vehicle
12602478708,QUEEN ANNE,-122.35555354,47.64254854,PROPERTY,DESTRUCTION/DAMAGE/VANDALISM OF PROPERTY,Destruction/Damage/Vandalism of Property
12602488156,GEORGETOWN,-122.334314673,47.54761638,PROPERTY,MOTOR VEHICLE THEFT,Motor Vehicle Theft
12602467905,ROOSEVELT/RAVENNA,-122.32697455,47.68592294,PROPERTY,DESTRUCTION/DAMAGE/VANDALISM OF PROPERTY,Destruction/Damage/Vandalism of Property
12602467762,FREMONT,-122.34669439700001,47.65912662,PROPERTY,DESTRUCTION/DAMAGE/VANDALISM OF PROPERTY,Destruction/Damage/Vandalism of Property
12602454429,BITTERLAKE,-122.354866194,47.72323212,PROPERTY,LARCENY-THEFT,Theft of Motor Vehicle Parts or Accessories
12602444811,GREENWOOD,0.0,0.0,PROPERTY,LARCENY-THEFT,Theft From Motor Vehicle
12602444599,EASTLAKE - WEST,-122.32519843799999,47.64650426,PROPERTY,LARCENY-THEFT,All Other Larceny
12602385305,NORTH ADMIRAL,-122.37709168200001,47.57215315,PROPERTY,FRAUD OFFENSES,Identity Theft
12602376986,MADISON PARK,-122.28268729,47.63239628,PROPERTY,LARCENY-THEFT,All Other Larceny
12602360897,BALLARD SOUTH,-122.365097046,47.66292138,PROPERTY,LARCENY-THEFT,Theft From Motor Vehicle
12602331162,QUEEN ANNE,-122.363883734,47.62586164,PROPERTY,LARCENY-THEFT,Theft From Motor Vehicle
12602315683,UNIVERSITY,-122.314363316,47.65832864,PROPERTY,LARCENY-THEFT,Theft From Motor Vehicle
12602315170,SLU/CASCADE,-122.33294187,47.6158847,PROPERTY,DESTRUCTION/DAMAGE/VANDALISM OF PROPERTY,Destruction/Damage/Vandalism of Property
12602304608,FREMONT,-122.35446663,47.65604983,PROPERTY,LARCENY-THEFT,Theft From Motor Vehicle
12602303941,JUDKINS PARK/NORTH BEACON HILL,-122.306241505,47.592553499999994,PROPERTY,LARCENY-THEFT,Theft From Motor Vehicle
12602303132,ROOSEVELT/RAVENNA,0.0,0.0,PROPERTY,LARCENY-THEFT,Theft From Motor Vehicle
12602302977,NORTH DELRIDGE,-122.354956677,47.54098986,PROPERTY,LARCENY-THEFT,Theft From Motor Vehicle
12602298218,CLAREMONT/RAINIER VISTA,-122.294005649,47.57291861,PROPERTY,LARCENY-THEFT,Theft From Motor Vehicle
12602296588,JUDKINS PARK/NORTH BEACON HILL,-122.31027812299999,47.59748648,PROPERTY,LARCENY-THEFT,Theft From Motor Vehicle
12602235176,RAINIER VIEW,-122.252409725,47.51343904,PROPERTY,LARCENY-THEFT,All Other Larceny
12602232077,BALLARD SOUTH,-122.38392862100001,47.66867758,PROPERTY,ROBBERY,Robbery
12602229835,ALASKA JUNCTION,-122.386882951,47.55749757,SOCIETY,DRIVING UNDER THE INFLUENCE,Driving Under the Influence
12602175944,MONTLAKE/PORTAGE BAY,-122.309873965,47.63955855,PROPERTY,DESTRUCTION/DAMAGE/VANDALISM OF PROPERTY,Destruction/Damage/Vandalism of Property
12602133538,BITTERLAKE,0.0,0.0,PERSON,SEX OFFENSES,Sodomy
12602125720,NORTHGATE,-122.31253367,47.71513112,PROPERTY,DESTRUCTION/DAMAGE/VANDALISM OF PROPERTY,Destruction/Damage/Vandalism of Property
12602102777,NORTH BEACON HILL,-122.315981349,47.58843686,SOCIETY,DRIVING UNDER THE INFLUENCE,Driving Under the Influence
12602064245,DOWNTOWN COMMERCIAL,-122.33501787600001,47.61090902,PROPERTY,LARCENY-THEFT,Shoplifting
12602043589,CENTRAL AREA/SQUIRE PARK,-122.308844832,47.61570317,PROPERTY,DESTRUCTION/DAMAGE/VANDALISM OF PROPERTY,Destruction/Damage/Vandalism of Property
12602007321,LAKEWOOD/SEWARD PARK,-122.266994952,47.55484507,PROPERTY,DESTRUCTION/DAMAGE/VANDALISM OF PROPERTY,Destruction/Damage/Vandalism of Property
12602006438,NORTH BEACON HILL,-122.303257158,47.58501972,PROPERTY,LARCENY-THEFT,All Other Larceny
12601997078,UNIVERSITY,-122.31318776100001,47.65905498,PROPERTY,LARCENY-THEFT,Theft From Motor Vehicle
12601989883,MID BEACON HILL,-122.313450994,47.56811919,PROPERTY,MOTOR VEHICLE THEFT,Motor Vehicle Theft
12601958563,SOUTH DELRIDGE,-122.35784637399999,47.51827906,PROPERTY,DESTRUCTION/DAMAGE/VANDALISM OF PROPERTY,Destruction/Damage/Vandalism of Property
12601924499,CAPITOL HILL,-122.32304886899999,47.62370445,PROPERTY,LARCENY-THEFT,Theft of Motor Vehicle Parts or Accessories
12601899355,WALLINGFORD,-122.33568334799999,47.66138576,PROPERTY,LARCENY-THEFT,Shoplifting
12601902726,SOUTH BEACON HILL,-122.300363747,47.53973286,SOCIETY,DRIVING UNDER THE INFLUENCE,Driving Under the Influence
12601871391,NEW HOLLY,-122.28129319600001,47.53704231,SOCIETY,DRIVING UNDER THE INFLUENCE,Driving Under the Influence
12601868743,SLU/CASCADE,0.0,0.0,PERSON,KIDNAPPING/ABDUCTION,Kidnapping/Abduction
12601804831,UNIVERSITY,-122.320841552,47.65849092,PROPERTY,EXTORTION/BLACKMAIL,Extortion/Blackmail
12601763817,ROOSEVELT/RAVENNA,-122.315657945,47.67539722,PROPERTY,ROBBERY,Robbery
12601763179,NORTHGATE,-122.321918379,47.70858578,PROPERTY,LARCENY-THEFT,All Other Larceny
12601748465,GREENWOOD,-122.353340046,47.69602207,PROPERTY,MOTOR VEHICLE THEFT,Motor Vehicle Theft
12601725719,QUEEN ANNE,-122.35609156299999,47.64777379,PROPERTY,FRAUD OFFENSES,False Pretenses/Swindle/Confidence Game
12601677586,CHINATOWN/INTERNATIONAL DISTRICT,-122.328966299,47.59961646,PROPERTY,DESTRUCTION/DAMAGE/VANDALISM OF PROPERTY,Destruction/Damage/Vandalism of Property
12601680195,JUDKINS PARK/NORTH BEACON HILL,-122.302231478,47.59857935,PROPERTY,FRAUD OFFENSES,Impersonation
12601659739,CAPITOL HILL,-122.32482906899999,47.61927445,PROPERTY,LARCENY-THEFT,All Other Larceny
12601676765,QUEEN ANNE,-122.36191479600001,47.62673542,PROPERTY,LARCENY-THEFT,Theft From Building
12601677526,QUEEN ANNE,-122.36191479600001,47.62673542,PROPERTY,DESTRUCTION/DAMAGE/VANDALISM OF PROPERTY,Destruction/Damage/Vandalism of Property
12601625759,ROOSEVELT/RAVENNA,-122.318902466,47.68674595,PROPERTY,LARCENY-THEFT,Theft of Motor Vehicle Parts or Accessories
12601595448,NORTH BEACON HILL,-122.30818118200001,47.58197915,PROPERTY,MOTOR VEHICLE THEFT,Motor Vehicle Theft
12601585317,CAPITOL HILL,-122.32152064600001,47.61873646,PROPERTY,LARCENY-THEFT,Theft From Building
12601548252,FIRST HILL,-122.316779126,47.61097885,PROPERTY,LARCENY-THEFT,Theft From Building
12601525824,ALASKA JUNCTION,-122.38812762799999,47.56385064,PROPERTY,MOTOR VEHICLE THEFT,Motor Vehicle Theft
12601509306,SANDPOINT,-122.288760522,47.65916004,PROPERTY,MOTOR VEHICLE THEFT,Motor Vehicle Theft
12601513319,GREENWOOD,-122.34595549999999,47.69781254,PROPERTY,STOLEN PROPERTY OFFENSES,Stolen Property Offenses
12601484296,QUEEN ANNE,-122.366348559,47.63534741,PROPERTY,DESTRUCTION/DAMAGE/VANDALISM OF PROPERTY,Destruction/Damage/Vandalism of Property
12601440307,CAPITOL HILL,-122.323415475,47.61523114,SOCIETY,DRIVING UNDER THE INFLUENCE,Driving Under the Influence
12601399012,HIGHLAND PARK,-122.35778559100001,47.52378257,PROPERTY,MOTOR VEHICLE THEFT,Motor Vehicle Theft
12601358071,QUEEN ANNE,-122.36762984200001,47.63292033,PROPERTY,LARCENY-THEFT,Theft From Motor Vehicle
12601357777,BELLTOWN,-122.352191366,47.61790609,PROPERTY,LARCENY-THEFT,Theft From Motor Vehicle
12601353315,WALLINGFORD,-122.33990953200001,47.66138572,PROPERTY,LARCENY-THEFT,Theft From Building
12601352119,CAPITOL HILL,-122.327915389,47.614577600000004,PROPERTY,LARCENY-THEFT,Theft From Motor Vehicle
12601348904,MID BEACON HILL,-122.31359716899999,47.56951609,PROPERTY,DESTRUCTION/DAMAGE/VANDALISM OF PROPERTY,Destruction/Damage/Vandalism of Property
12601341679,CAPITOL HILL,-122.322772701,47.61522861,PROPERTY,FRAUD OFFENSES,Impersonation
12601341457,BALLARD SOUTH,-122.37964207700001,47.66338968,PROPERTY,LARCENY-THEFT,Theft From Motor Vehicle
12601341074,WALLINGFORD,-122.32789108799999,47.65462125,PROPERTY,LARCENY-THEFT,Theft From Motor Vehicle
12601340140,QUEEN ANNE,-122.36126704200001,47.6258506,PROPERTY,LARCENY-THEFT,Theft From Motor Vehicle
12601333457,QUEEN ANNE,-122.35398105,47.64074809,PROPERTY,LARCENY-THEFT,Theft From Motor Vehicle
12601328263,QUEEN ANNE,-122.35390970799999,47.6477706,PROPERTY,LARCENY-THEFT,Theft From Motor Vehicle
12601324175,NORTHGATE,-122.34240219700001,47.69326938,PROPERTY,LARCENY-THEFT,Theft From Motor Vehicle
12601323365,ROOSEVELT/RAVENNA,-122.318739014,47.67729636,PROPERTY,LARCENY-THEFT,Theft From Building
12601323252,BELLTOWN,-122.352969299,47.61836608,PROPERTY,LARCENY-THEFT,Theft From Motor Vehicle
12601323025,MAGNOLIA,-122.40931229799999,47.66701275,PROPERTY,LARCENY-THEFT,Theft From Motor Vehicle
12601322874,SOUTH DELRIDGE,-122.356811165,47.5191963,PROPERTY,LARCENY-THEFT,Theft From Motor Vehicle
12601322697,PHINNEY RIDGE,-122.35771846899999,47.6718745,PROPERTY,LARCENY-THEFT,Theft From Motor Vehicle
12601308069,CAPITOL HILL,-122.324320572,47.61264032,PROPERTY,LARCENY-THEFT,All Other Larceny
12601307552,BELLTOWN,-122.35316864,47.61730887,PROPERTY,LARCENY-THEFT,All Other Larceny
12601307436,BALLARD NORTH,-122.37786007,47.68413737,PROPERTY,LARCENY-THEFT,Theft From Motor Vehicle
12601307356,PIGEON POINT,-122.362400992,47.56347818,PROPERTY,LARCENY-THEFT,All Other Larceny
12601307218,DOWNTOWN COMMERCIAL,-122.34021613899999,47.60736381,PROPERTY,LARCENY-THEFT,Theft From Motor Vehicle
12601307053,SLU/CASCADE,-122.33357712700001,47.61628073,PROPERTY,LARCENY-THEFT,Theft From Motor Vehicle
12601306834,NORTHGATE,-122.321918379,47.70858578,PROPERTY,LARCENY-THEFT,Theft From Building
12601301406,ROOSEVELT/RAVENNA,-122.29165379,47.67669047,PROPERTY,LARCENY-THEFT,All Other Larceny
12601301026,UNIVERSITY,-122.31308796299999,47.66399625,PROPERTY,MOTOR VEHICLE THEFT,Motor Vehicle Theft
12601271595,SLU/CASCADE,-122.336165507,47.61605329,PROPERTY,FRAUD OFFENSES,Credit Card/Automated Teller Machine Fraud
12601323469,CAPITOL HILL,-122.32020609799999,47.61991247,PROPERTY,LARCENY-THEFT,All Other Larceny
12601261514,UNIVERSITY,-122.313149,47.66053224,PROPERTY,DESTRUCTION/DAMAGE/VANDALISM OF PROPERTY,Destruction/Damage/Vandalism of Property
12601235501,NORTHGATE,-122.328232531,47.71951899,PROPERTY,LARCENY-THEFT,Theft From Motor Vehicle
12601164107,FIRST HILL,-122.316780581,47.60588517,PROPERTY,FRAUD OFFENSES,False Pretenses/Swindle/Confidence Game
12603624713,FIRST HILL,-122.316780581,47.60588517,PROPERTY,COUNTERFEITING/FORGERY,Counterfeiting/Forgery
12601082242,NORTHGATE,-122.343009348,47.72867309,PROPERTY,ROBBERY,Robbery
12601083788,MID BEACON HILL,-122.288887697,47.54977227,PROPERTY,LARCENY-THEFT,All Other Larceny
12601063105,SOUTH DELRIDGE,-122.356479904,47.52011424,PROPERTY,LARCENY-THEFT,All Other Larceny
12601058261,BALLARD SOUTH,-122.370494777,47.66365748,PROPERTY,LARCENY-THEFT,Shoplifting
12601007490,MOUNT BAKER,-122.289921964,47.56888116,PROPERTY,LARCENY-THEFT,Shoplifting
12600992293,ROOSEVELT/RAVENNA,-122.306046261,47.6807958,PROPERTY,DESTRUCTION/DAMAGE/VANDALISM OF PROPERTY,Destruction/Damage/Vandalism of Property
12600926273,MORGAN,-122.396531383,47.54328358,SOCIETY,DRIVING UNDER THE INFLUENCE,Driving Under the Influence
12600910235,DOWNTOWN COMMERCIAL,-122.33401037799999,47.61064592,PROPERTY,LARCENY-THEFT,All Other Larceny
12600873729,CAPITOL HILL,-122.327915389,47.614577600000004,PROPERTY,LARCENY-THEFT,All Other Larceny
12600835381,ROOSEVELT/RAVENNA,-122.298411155,47.66332336,PROPERTY,LARCENY-THEFT,Shoplifting
12600956388,FIRST HILL,-122.32075579299999,47.60865749,PROPERTY,LARCENY-THEFT,All Other Larceny
12600800485,NEW HOLLY,-122.29528609,47.54264886,PROPERTY,LARCENY-THEFT,Theft From Motor Vehicle
12600803888,DOWNTOWN COMMERCIAL,-122.33733875,47.60925299,PROPERTY,LARCENY-THEFT,Shoplifting
12603621892,DOWNTOWN COMMERCIAL,-122.33733875,47.60925299,PROPERTY,DESTRUCTION/DAMAGE/VANDALISM OF PROPERTY,Destruction/Damage/Vandalism of Property
12600921924,ALASKA JUNCTION,-122.37744548799999,47.56742553,PROPERTY,LARCENY-THEFT,Theft of Motor Vehicle Parts or Accessories
12600684014,ROXHILL/WESTWOOD/ARBOR HEIGHTS,-122.365221006,47.52102254,PROPERTY,LARCENY-THEFT,Shoplifting
12600609210,PIONEER SQUARE,-122.33590621399999,47.59824021,SOCIETY,DRIVING UNDER THE INFLUENCE,Driving Under the Influence
12600803479,CENTRAL AREA/SQUIRE PARK,0.0,0.0,PERSON,KIDNAPPING/ABDUCTION,Kidnapping/Abduction
12600511715,BRIGHTON/DUNLAP,-122.268774011,47.53698054,PROPERTY,DESTRUCTION/DAMAGE/VANDALISM OF PROPERTY,Destruction/Damage/Vandalism of Property
12600462705,BRIGHTON/DUNLAP,-122.283336908,47.54566315,PROPERTY,LARCENY-THEFT,Theft of Motor Vehicle Parts or Accessories
12600418886,GEORGETOWN,-122.329368515,47.56380429,PROPERTY,FRAUD OFFENSES,False Pretenses/Swindle/Confidence Game
12600366898,DOWNTOWN COMMERCIAL,-122.337320423,47.61132124,PROPERTY,LARCENY-THEFT,Shoplifting
12600323740,MAGNOLIA,-122.384674317,47.65123952,PROPERTY,MOTOR VEHICLE THEFT,Motor Vehicle Theft
12600318228,NORTHGATE,-122.31988929399999,47.70584423,PROPERTY,LARCENY-THEFT,Theft of Motor Vehicle Parts or Accessories
12600237486,ALASKA JUNCTION,-122.385483507,47.56019555,PROPERTY,ROBBERY,Robbery
12600220498,MAGNOLIA,-122.391970804,47.63103937,PROPERTY,LARCENY-THEFT,All Other Larceny
12600190076,HILLMAN CITY,-122.277134581,47.54970394,PROPERTY,LARCENY-THEFT,All Other Larceny
12600166212,CAPITOL HILL,-122.32080789700001,47.61581931,PROPERTY,LARCENY-THEFT,Theft From Motor Vehicle
12600066674,CAPITOL HILL,-122.320882286,47.620491799999996,PROPERTY,LARCENY-THEFT,Shoplifting
12600010262,FREMONT,-122.35448367,47.65046915,PROPERTY,LARCENY-THEFT,Theft From Motor Vehicle
12599988285,DOWNTOWN COMMERCIAL,-122.333808099,47.61210339,PROPERTY,DESTRUCTION/DAMAGE/VANDALISM OF PROPERTY,Destruction/Damage/Vandalism of Property
12599953888,NORTH BEACON HILL,-122.31602335,47.58025306,PROPERTY,MOTOR VEHICLE THEFT,Motor Vehicle Theft
12599935426,DOWNTOWN COMMERCIAL,-122.331243552,47.6067848,PROPERTY,LARCENY-THEFT,Theft From Motor Vehicle
12599935079,QUEEN ANNE,-122.345942425,47.63347746,PROPERTY,LARCENY-THEFT,Theft From Motor Vehicle
12599934854,SOUTH DELRIDGE,-122.355134625,47.52011422,PROPERTY,LARCENY-THEFT,Theft From Motor Vehicle
12599966522,MOUNT BAKER,-122.29299855,47.58096437,PROPERTY,LARCENY-THEFT,Theft From Motor Vehicle
12599912062,MAGNOLIA,-122.383361499,47.64939241,PROPERTY,LARCENY-THEFT,Theft From Motor Vehicle
12599909950,CAPITOL HILL,-122.324549777,47.61205117,PROPERTY,LARCENY-THEFT,Theft From Motor Vehicle
12599913077,NORTH BEACON HILL,-122.31602335,47.58025306,PROPERTY,LARCENY-THEFT,Theft From Motor Vehicle
12599907305,NORTHGATE,-122.32542270799999,47.72919593,PROPERTY,LARCENY-THEFT,All Other Larceny
12599885807,BALLARD NORTH,-122.37678325,47.6841481,PROPERTY,LARCENY-THEFT,All Other Larceny
12599882069,MILLER PARK,-122.303040452,47.62137823,PROPERTY,LARCENY-THEFT,All Other Larceny
12599837328,QUEEN ANNE,-122.34595052700001,47.63272539,PROPERTY,LARCENY-THEFT,Theft From Building
12599815855,ALASKA JUNCTION,-122.378112262,47.56203576,PROPERTY,LARCENY-THEFT,Theft From Building
12599828328,NORTHGATE,-122.313996581,47.71307948,PROPERTY,MOTOR VEHICLE THEFT,Motor Vehicle Theft
12599815310,FREMONT,-122.357661744,47.65296539,PROPERTY,DESTRUCTION/DAMAGE/VANDALISM OF PROPERTY,Destruction/Damage/Vandalism of Property
12599815056,MADISON PARK,-122.282005215,47.63577659,PROPERTY,LARCENY-THEFT,Theft From Motor Vehicle
12599813140,ROOSEVELT/RAVENNA,-122.294062955,47.67668862,PROPERTY,LARCENY-THEFT,Theft From Motor Vehicle
12599812115,EASTLAKE - WEST,-122.32519843799999,47.64650426,PROPERTY,LARCENY-THEFT,Theft From Motor Vehicle
12599811937,BELLTOWN,-122.347163621,47.61375921,PROPERTY,LARCENY-THEFT,Theft From Building
12599811733,QUEEN ANNE,-122.352825467,47.62034258,PROPERTY,LARCENY-THEFT,Theft From Motor Vehicle
12599793782,HIGHLAND PARK,-122.346740721,47.52555707,PROPERTY,LARCENY-THEFT,All Other Larceny
12599808445,ALASKA JUNCTION,-122.378112262,47.56203576,PROPERTY,LARCENY-THEFT,All Other Larceny
12599799638,GEORGETOWN,-122.321438931,47.54750296,SOCIETY,WEAPON LAW VIOLATIONS,Weapon Law Violations
12599762086,BALLARD SOUTH,-122.38475007,47.66646689,PROPERTY,LARCENY-THEFT,Theft From Motor Vehicle
12599761896,ALASKA JUNCTION,-122.378112262,47.56203576,PROPERTY,LARCENY-THEFT,All Other Larceny
12599712922,ROXHILL/WESTWOOD/ARBOR HEIGHTS,-122.37663737700001,47.52937273,PROPERTY,DESTRUCTION/DAMAGE/VANDALISM OF PROPERTY,Destruction/Damage/Vandalism of Property
12599689493,BELLTOWN,-122.340892454,47.61239802,PROPERTY,LARCENY-THEFT,Theft From Motor Vehicle
12599667833,UNIVERSITY,-122.31742343299999,47.66311774,PROPERTY,LARCENY-THEFT,Theft From Motor Vehicle
12599667632,SLU/CASCADE,-122.33746479,47.6168222,PROPERTY,LARCENY-THEFT,Theft From Building
12599667459,MADRONA/LESCHI,-122.301291202,47.59178012,PROPERTY,LARCENY-THEFT,All Other Larceny
12599667344,QUEEN ANNE,-122.350854024,47.62208691,PROPERTY,LARCENY-THEFT,Theft From Building
12599666456,SANDPOINT,-122.28839846700001,47.68170464,PROPERTY,FRAUD OFFENSES,Credit Card/Automated Teller Machine Fraud
12599666509,MAGNOLIA,-122.409492551,47.67133528,PROPERTY,LARCENY-THEFT,Theft From Motor Vehicle
12599643155,DOWNTOWN COMMERCIAL,-122.33632991700001,47.60898867,PROPERTY,LARCENY-THEFT,Theft From Motor Vehicle
12599643001,BITTERLAKE,-122.35412029999999,47.70598736,PROPERTY,LARCENY-THEFT,Theft From Motor Vehicle
12599618252,MOUNT BAKER,-122.289877561,47.57449356,PROPERTY,LARCENY-THEFT,Theft From Motor Vehicle
12599588718,FREMONT,-122.35052537899999,47.64970651,PROPERTY,LARCENY-THEFT,Shoplifting
12599594173,UNIVERSITY,-122.316324693,47.6656842,PROPERTY,MOTOR VEHICLE THEFT,Motor Vehicle Theft
12599567428,HILLMAN CITY,-122.286264518,47.54889699,PROPERTY,LARCENY-THEFT,Theft From Motor Vehicle
12599566711,SLU/CASCADE,-122.337146941,47.62262048,PROPERTY,LARCENY-THEFT,All Other Larceny
12599543043,EASTLAKE - WEST,-122.32343616899999,47.6487836,PROPERTY,LARCENY-THEFT,Theft From Motor Vehicle
12599658286,MAGNOLIA,-122.40889658399999,47.67043066,PROPERTY,LARCENY-THEFT,Theft From Motor Vehicle
12599549469,NORTH BEACON HILL,0.0,0.0,PERSON,SEX OFFENSES,Fondling
12601281222,CAPITOL HILL,-122.320771381,47.61351951,PROPERTY,LARCENY-THEFT,Shoplifting
12599501499,HIGHLAND PARK,-122.345437696,47.52005209,PROPERTY,LARCENY-THEFT,Theft From Motor Vehicle
12599405169,MOUNT BAKER,-122.29101029,47.57075994,PROPERTY,LARCENY-THEFT,All Other Larceny
12599357821,CENTRAL AREA/SQUIRE PARK,-122.299444169,47.60166172,PROPERTY,DESTRUCTION/DAMAGE/VANDALISM OF PROPERTY,Destruction/Damage/Vandalism of Property
12599340760,BRIGHTON/DUNLAP,-122.270742451,47.52730949,PROPERTY,LARCENY-THEFT,All Other Larceny
12599341117,SLU/CASCADE,-122.331700196,47.62024125,PROPERTY,MOTOR VEHICLE THEFT,Motor Vehicle Theft
12599319810,NORTHGATE,-122.316205456,47.69764538,PROPERTY,DESTRUCTION/DAMAGE/VANDALISM OF PROPERTY,Destruction/Damage/Vandalism of Property
12599291826,RAINIER BEACH,-122.262830798,47.52677099,PROPERTY,LARCENY-THEFT,Theft From Motor Vehicle
12599252631,BRIGHTON/DUNLAP,-122.27263623,47.54382608,PROPERTY,LARCENY-THEFT,All Other Larceny
12599212098,NORTHGATE,-122.34499682799999,47.72503555,PROPERTY,STOLEN PROPERTY OFFENSES,Stolen Property Offenses
12603578534,NORTHGATE,-122.34499682799999,47.72503555,SOCIETY,DRUG/NARCOTIC OFFENSES,Drug/Narcotic Violations
12599167248,MAGNOLIA,-122.375834105,47.63246376,PROPERTY,LARCENY-THEFT,Theft of Motor Vehicle Parts or Accessories
12599099168,SLU/CASCADE,-122.324956055,47.63225641,PROPERTY,MOTOR VEHICLE THEFT,Motor Vehicle Theft
12599000881,FIRST HILL,-122.316780473,47.60620305,SOCIETY,DRIVING UNDER THE INFLUENCE,Driving Under the Influence
12598894590,UNIVERSITY,-122.314363316,47.65832864,PROPERTY,DESTRUCTION/DAMAGE/VANDALISM OF PROPERTY,Destruction/Damage/Vandalism of Property
12598855718,CAPITOL HILL,-122.327915389,47.614577600000004,PROPERTY,LARCENY-THEFT,Theft From Motor Vehicle
12598300385,CAPITOL HILL,-122.326804185,47.61521815,PROPERTY,MOTOR VEHICLE THEFT,Motor Vehicle Theft
12598251273,QUEEN ANNE,-122.36220142799999,47.64537245,PROPERTY,LARCENY-THEFT,Theft of Motor Vehicle Parts or Accessories
12598232589,FREMONT,-122.357658115,47.65415054,PROPERTY,MOTOR VEHICLE THEFT,Motor Vehicle Theft
12598186841,PHINNEY RIDGE,-122.360801329,47.66692039,SOCIETY,DRIVING UNDER THE INFLUENCE,Driving Under the Influence
12598152040,DOWNTOWN COMMERCIAL,-122.337541071,47.60779562,PROPERTY,DESTRUCTION/DAMAGE/VANDALISM OF PROPERTY,Destruction/Damage/Vandalism of Property
12598008807,SLU/CASCADE,-122.34574118100001,47.6170232,PROPERTY,COUNTERFEITING/FORGERY,Counterfeiting/Forgery
12597971806,FREMONT,-122.34533886,47.65307548,PROPERTY,MOTOR VEHICLE THEFT,Motor Vehicle Theft
12597903876,QUEEN ANNE,-122.36686463299999,47.62797487,PROPERTY,LARCENY-THEFT,Theft From Motor Vehicle
12597730180,DOWNTOWN COMMERCIAL,-122.338348304,47.60951744,PROPERTY,LARCENY-THEFT,Shoplifting
12597733515,MOUNT BAKER,-122.287210701,47.57303502,PROPERTY,EXTORTION/BLACKMAIL,Extortion/Blackmail
12597733464,PIONEER SQUARE,-122.33097634200001,47.59828697,PROPERTY,DESTRUCTION/DAMAGE/VANDALISM OF PROPERTY,Destruction/Damage/Vandalism of Property
12597686723,PIONEER SQUARE,-122.33287520200001,47.60130116,SOCIETY,DRIVING UNDER THE INFLUENCE,Driving Under the Influence
12597655747,BALLARD SOUTH,-122.362187009,47.67599329,PROPERTY,ROBBERY,Robbery
12597590413,DOWNTOWN COMMERCIAL,-122.33501787600001,47.61090902,PROPERTY,LARCENY-THEFT,Shoplifting
12597533695,FIRST HILL,-122.316125608,47.60620026,PROPERTY,COUNTERFEITING/FORGERY,Counterfeiting/Forgery
12597448264,MID BEACON HILL,-122.30990212,47.54993361,PROPERTY,MOTOR VEHICLE THEFT,Motor Vehicle Theft
12597396250,DOWNTOWN COMMERCIAL,-122.337591975,47.61120737,PROPERTY,LARCENY-THEFT,All Other Larceny
12597243974,MOUNT BAKER,-122.289921964,47.56888116,PROPERTY,ROBBERY,Robbery
12597201885,QUEEN ANNE,-122.350171096,47.62586184,PROPERTY,FRAUD OFFENSES,Wire Fraud
12597205596,NORTH DELRIDGE,-122.366755447,47.56834147,PROPERTY,MOTOR VEHICLE THEFT,Motor Vehicle Theft
12597154700,BELLTOWN,-122.344793514,47.61470458,SOCIETY,DRUG/NARCOTIC OFFENSES,Drug/Narcotic Violations
12597101400,DOWNTOWN COMMERCIAL,-122.339812453,47.61027832,SOCIETY,DRIVING UNDER THE INFLUENCE,Driving Under the Influence
12597084007,JUDKINS PARK/NORTH BEACON HILL,-122.31678189799999,47.60169337,PROPERTY,DESTRUCTION/DAMAGE/VANDALISM OF PROPERTY,Destruction/Damage/Vandalism of Property
12596976154,BRIGHTON/DUNLAP,-122.275965432,47.5406801,PROPERTY,LARCENY-THEFT,Theft of Motor Vehicle Parts or Accessories
12596997881,PHINNEY RIDGE,-122.348475299,47.67495519,PROPERTY,LARCENY-THEFT,All Other Larceny
12596956263,BELLTOWN,-122.34456269399999,47.61222186,PROPERTY,LARCENY-THEFT,Theft From Motor Vehicle
12596836966,CAPITOL HILL,-122.32040741700001,47.61523808,PROPERTY,LARCENY-THEFT,Theft From Building
12596745440,NORTH ADMIRAL,-122.385670692,47.57259101,PROPERTY,FRAUD OFFENSES,Identity Theft
12596743017,SLU/CASCADE,-122.336490221,47.62320194,PROPERTY,MOTOR VEHICLE THEFT,Motor Vehicle Theft
12596618423,CAPITOL HILL,-122.320771381,47.61351951,PROPERTY,DESTRUCTION/DAMAGE/VANDALISM OF PROPERTY,Destruction/Damage/Vandalism of Property
12596521277,UNIVERSITY,-122.319560828,47.66222203,PROPERTY,DESTRUCTION/DAMAGE/VANDALISM OF PROPERTY,Destruction/Damage/Vandalism of Property
12596463510,FREMONT,-122.362343206,47.65649926,PROPERTY,MOTOR VEHICLE THEFT,Motor Vehicle Theft
12596446845,JUDKINS PARK/NORTH BEACON HILL,-122.30966889,47.59515308,PROPERTY,FRAUD OFFENSES,Hacking/Computer Invasion
12596434144,NORTH BEACON HILL,-122.306707069,47.57742324,PROPERTY,LARCENY-THEFT,Theft From Motor Vehicle
12596397510,SLU/CASCADE,-122.32888058,47.6303008,PROPERTY,LARCENY-THEFT,Theft From Motor Vehicle
12596366956,MAGNOLIA,-122.39489671700001,47.65135709,PROPERTY,LARCENY-THEFT,Theft From Motor Vehicle
12596353107,BITTERLAKE,-122.353031629,47.73322211,PROPERTY,LARCENY-THEFT,Theft of Motor Vehicle Parts or Accessories
12596315052,MAGNOLIA,-122.400349386,47.65977588,PROPERTY,LARCENY-THEFT,Theft From Motor Vehicle
12596320973,CHINATOWN/INTERNATIONAL DISTRICT,-122.319220391,47.59626534,SOCIETY,DRUG/NARCOTIC OFFENSES,Drug/Narcotic Violations
12596335242,GREENWOOD,-122.359314737,47.69061787,PROPERTY,LARCENY-THEFT,Theft From Motor Vehicle
12596225215,MILLER PARK,-122.302490423,47.62079119,PROPERTY,LARCENY-THEFT,Theft From Motor Vehicle
12596251988,CAPITOL HILL,-122.32500074200001,47.61522188,PROPERTY,LARCENY-THEFT,Theft From Building
12596171290,UNIVERSITY,-122.315461665,47.66055372,PROPERTY,LARCENY-THEFT,Theft From Motor Vehicle
12596065177,FREMONT,-122.35448367,47.65046915,PROPERTY,LARCENY-THEFT,Theft From Motor Vehicle
12596090177,LAKEWOOD/SEWARD PARK,-122.26699284799999,47.55409938,PROPERTY,MOTOR VEHICLE THEFT,Motor Vehicle Theft
12596046473,BELLTOWN,-122.34435339299999,47.61327122,PROPERTY,FRAUD OFFENSES,Credit Card/Automated Teller Machine Fraud
12596045977,GEORGETOWN,-122.325621124,47.55169177,PROPERTY,LARCENY-THEFT,Theft From Motor Vehicle
12596045722,BALLARD SOUTH,-122.387584729,47.6759485,PROPERTY,LARCENY-THEFT,Theft From Motor Vehicle
12596032054,BALLARD SOUTH,-122.382134597,47.66426055,PROPERTY,LARCENY-THEFT,Theft From Motor Vehicle
12596031121,JUDKINS PARK/NORTH BEACON HILL,-122.305347166,47.59999561,PROPERTY,LARCENY-THEFT,All Other Larceny
12596048078,MOUNT BAKER,-122.29649406200001,47.576184600000005,PROPERTY,DESTRUCTION/DAMAGE/VANDALISM OF PROPERTY,Destruction/Damage/Vandalism of Property
12596018071,UNIVERSITY,-122.31370774700001,47.66127317,PROPERTY,LARCENY-THEFT,Theft From Motor Vehicle
12596017730,DOWNTOWN COMMERCIAL,-122.338449515,47.60878866,PROPERTY,LARCENY-THEFT,Theft From Motor Vehicle
12596021457,CHINATOWN/INTERNATIONAL DISTRICT,-122.32473878799999,47.59583483,PROPERTY,DESTRUCTION/DAMAGE/VANDALISM OF PROPERTY,Destruction/Damage/Vandalism of Property
12596005191,FREMONT,-122.353980639,47.6621407,PROPERTY,LARCENY-THEFT,Theft From Motor Vehicle
12596006375,UNIVERSITY,-122.31422406,47.66400406,PROPERTY,LARCENY-THEFT,Shoplifting
12596019507,BALLARD SOUTH,-122.36861026,47.66438409,PROPERTY,LARCENY-THEFT,Theft From Motor Vehicle
12595982644,FIRST HILL,-122.32899018100001,47.60683291,PROPERTY,LARCENY-THEFT,Shoplifting
12595972041,CAPITOL HILL,-122.322461532,47.61144442,PROPERTY,MOTOR VEHICLE THEFT,Motor Vehicle Theft
12595898394,QUEEN ANNE,-122.355428986,47.62151944,PROPERTY,FRAUD OFFENSES,Identity Theft
12595892752,PHINNEY RIDGE,-122.34921452299999,47.67386923,PROPERTY,MOTOR VEHICLE THEFT,Motor Vehicle Theft
12595876616,BALLARD SOUTH,-122.38407773600001,47.66590904,PROPERTY,LARCENY-THEFT,Theft From Motor Vehicle
12595886874,CENTRAL AREA/SQUIRE PARK,-122.306308505,47.60956556,PROPERTY,LARCENY-THEFT,Theft From Motor Vehicle
12595862703,BALLARD NORTH,-122.392944846,47.69167434,PROPERTY,LARCENY-THEFT,Theft From Motor Vehicle
12595862330,UNIVERSITY,-122.319560828,47.66222203,PROPERTY,LARCENY-THEFT,Theft From Motor Vehicle
12595818337,ROXHILL/WESTWOOD/ARBOR HEIGHTS,-122.375468155,47.51518675,PROPERTY,MOTOR VEHICLE THEFT,Motor Vehicle Theft
12595791646,ROOSEVELT/RAVENNA,-122.298224687,47.66431736,PROPERTY,LARCENY-THEFT,Shoplifting
12595694541,UNIVERSITY,-122.31370774700001,47.66127317,PROPERTY,LARCENY-THEFT,Theft From Motor Vehicle
12595694441,SANDPOINT,-122.28930893399999,47.71194078,PROPERTY,FRAUD OFFENSES,False Pretenses/Swindle/Confidence Game
12595684417,NORTHGATE,-122.32461515799999,47.7086028,PROPERTY,FRAUD OFFENSES,Credit Card/Automated Teller Machine Fraud
12595684165,SANDPOINT,-122.263683194,47.68252504,PROPERTY,LARCENY-THEFT,Theft From Motor Vehicle
12595671691,SOUTH DELRIDGE,-122.35511453,47.52195143,PROPERTY,LARCENY-THEFT,Theft From Motor Vehicle
12595671463,UNIVERSITY,-122.316665195,47.657916799999995,PROPERTY,FRAUD OFFENSES,Credit Card/Automated Teller Machine Fraud
12595671343,UNIVERSITY,-122.317826636,47.65659558,PROPERTY,LARCENY-THEFT,All Other Larceny
12595660768,GREENWOOD,-122.348556109,47.68549113,PROPERTY,FRAUD OFFENSES,Identity Theft
12595660468,QUEEN ANNE,-122.346263792,47.63230108,PROPERTY,LARCENY-THEFT,Theft From Motor Vehicle
12595588643,MORGAN,-122.390001177,47.54442736,SOCIETY,DRIVING UNDER THE INFLUENCE,Driving Under the Influence
12595601762,MAGNOLIA,-122.394959875,47.66068016,PROPERTY,LARCENY-THEFT,Theft From Motor Vehicle
12595579944,ROOSEVELT/RAVENNA,-122.34314261,47.68476424,PROPERTY,LARCENY-THEFT,Theft From Motor Vehicle
12595580098,CAPITOL HILL,-122.320933335,47.62369897,PROPERTY,DESTRUCTION/DAMAGE/VANDALISM OF PROPERTY,Destruction/Damage/Vandalism of Property
12595525225,CAPITOL HILL,-122.321718726,47.61232219,SOCIETY,DRUG/NARCOTIC OFFENSES,Drug/Narcotic Violations
12596044818,CAPITOL HILL,-122.321718726,47.61232219,SOCIETY,DRUG/NARCOTIC OFFENSES,Drug Equipment Violations
12595474959,CHINATOWN/INTERNATIONAL DISTRICT,-122.322444693,47.59918613,SOCIETY,DRIVING UNDER THE INFLUENCE,Driving Under the Influence
12595492994,DOWNTOWN COMMERCIAL,-122.339761467,47.60686714,SOCIETY,DRUG/NARCOTIC OFFENSES,Drug/Narcotic Violations
12595430056,HIGHLAND PARK,-122.353942744,47.52919654,PROPERTY,MOTOR VEHICLE THEFT,Motor Vehicle Theft
12595405437,MADRONA/LESCHI,-122.30223583700001,47.6010021,PROPERTY,LARCENY-THEFT,Theft From Motor Vehicle
12595747123,QUEEN ANNE,-122.358668576,47.62458989,PROPERTY,EXTORTION/BLACKMAIL,Extortion/Blackmail
12595308995,ALASKA JUNCTION,-122.386775316,47.56291163,SOCIETY,DRIVING UNDER THE INFLUENCE,Driving Under the Influence
12595316048,ROOSEVELT/RAVENNA,-122.298411155,47.66332336,PROPERTY,MOTOR VEHICLE THEFT,Motor Vehicle Theft
12595264412,DOWNTOWN COMMERCIAL,-122.338424085,47.60378135,SOCIETY,WEAPON LAW VIOLATIONS,Weapon Law Violations
12595253625,ROXHILL/WESTWOOD/ARBOR HEIGHTS,-122.37327695399999,47.51517049,SOCIETY,DRIVING UNDER THE INFLUENCE,Driving Under the Influence
12595250243,CENTRAL AREA/SQUIRE PARK,-122.303083645,47.60266908,PROPERTY,FRAUD OFFENSES,False Pretenses/Swindle/Confidence Game
12595200039,SOUTH PARK,-122.322978958,47.522661799999995,PROPERTY,DESTRUCTION/DAMAGE/VANDALISM OF PROPERTY,Destruction/Damage/Vandalism of Property
12595243019,NORTH BEACON HILL,-122.29938461100001,47.57456845,PROPERTY,LARCENY-THEFT,All Other Larceny
12595117011,NEW HOLLY,-122.28234489,47.53704403,PROPERTY,ROBBERY,Robbery
12595071781,DOWNTOWN COMMERCIAL,-122.33557402299999,47.6106779,PROPERTY,LARCENY-THEFT,Theft From Motor Vehicle
12595091203,SANDPOINT,-122.284174463,47.68394639,PROPERTY,FRAUD OFFENSES,Hacking/Computer Invasion
12595043230,FREMONT,-122.350545827,47.6506252,PROPERTY,LARCENY-THEFT,Shoplifting
12595032772,ROOSEVELT/RAVENNA,0.0,0.0,PERSON,SEX OFFENSES,Fondling
12595029479,CAPITOL HILL,-122.325596007,47.62676478,PROPERTY,MOTOR VEHICLE THEFT,Motor Vehicle Theft
12595036183,HILLMAN CITY,-122.28594737200001,47.54706873,PROPERTY,ARSON,Arson
12595033200,CHINATOWN/INTERNATIONAL DISTRICT,-122.326352374,47.60129045,PROPERTY,DESTRUCTION/DAMAGE/VANDALISM OF PROPERTY,Destruction/Damage/Vandalism of Property
12595002186,CAPITOL HILL,-122.320415237,47.62198537,PROPERTY,MOTOR VEHICLE THEFT,Motor Vehicle Theft
12596860241,BELLTOWN,-122.342192704,47.61316683,PROPERTY,LARCENY-THEFT,Theft From Motor Vehicle
12595006825,NORTH ADMIRAL,-122.386207129,47.58995859,PROPERTY,LARCENY-THEFT,Theft of Motor Vehicle Parts or Accessories
12594983343,SOUTH PARK,-122.33113442700001,47.53673888,PROPERTY,LARCENY-THEFT,Theft of Motor Vehicle Parts or Accessories
12594899782,DOWNTOWN COMMERCIAL,-122.337320423,47.61132124,PROPERTY,LARCENY-THEFT,Shoplifting
12594890083,NORTH DELRIDGE,-122.365444118,47.5672585,PROPERTY,FRAUD OFFENSES,Identity Theft
12594875545,BALLARD NORTH,-122.37677179,47.68045515,PROPERTY,FRAUD OFFENSES,False Pretenses/Swindle/Confidence Game
12594940861,FIRST HILL,-122.324876089,47.61240799,PROPERTY,DESTRUCTION/DAMAGE/VANDALISM OF PROPERTY,Destruction/Damage/Vandalism of Property
12594859865,CHINATOWN/INTERNATIONAL DISTRICT,-122.327013755,47.59919385,PROPERTY,LARCENY-THEFT,Shoplifting
12594851433,CHINATOWN/INTERNATIONAL DISTRICT,-122.315680055,47.59919954,PROPERTY,LARCENY-THEFT,Theft From Motor Vehicle
12594840154,SOUTH DELRIDGE,-122.357805911,47.521947999999995,PROPERTY,LARCENY-THEFT,All Other Larceny
12594863649,SLU/CASCADE,-122.33294187,47.6158847,PROPERTY,DESTRUCTION/DAMAGE/VANDALISM OF PROPERTY,Destruction/Damage/Vandalism of Property
12594821547,ROOSEVELT/RAVENNA,-122.31651049999999,47.67497945,PROPERTY,DESTRUCTION/DAMAGE/VANDALISM OF PROPERTY,Destruction/Damage/Vandalism of Property
12594638283,ROOSEVELT/RAVENNA,-122.31651049999999,47.67497945,PROPERTY,LARCENY-THEFT,Shoplifting
12593791404,QUEEN ANNE,-122.35997484100001,47.62459539,PROPERTY,LARCENY-THEFT,Theft From Building
12594818961,DOWNTOWN COMMERCIAL,-122.339256992,47.61051065,PROPERTY,LARCENY-THEFT,Shoplifting
12592379155,MADISON PARK,-122.28485138299999,47.63999223,PROPERTY,FRAUD OFFENSES,Credit Card/Automated Teller Machine Fraud
12590503355,ROOSEVELT/RAVENNA,-122.34448632799999,47.68366976,PROPERTY,LARCENY-THEFT,Shoplifting
12590506410,CHINATOWN/INTERNATIONAL DISTRICT,-122.318430722,47.59918657,PROPERTY,LARCENY-THEFT,Theft From Motor Vehicle
12589971268,UNIVERSITY,-122.31422406,47.66400406,PROPERTY,LARCENY-THEFT,Shoplifting
12588019295,BELLTOWN,-122.341752608,47.61173309,PROPERTY,LARCENY-THEFT,Theft From Motor Vehicle
12586687316,MORGAN,-122.389423618,47.53887651,PROPERTY,LARCENY-THEFT,Theft From Motor Vehicle
12585715433,WALLINGFORD,-122.336386268,47.66794353,PROPERTY,LARCENY-THEFT,All Other Larceny
12584852752,GREENWOOD,0.0,0.0,PROPERTY,LARCENY-THEFT,Theft From Building
12587314943,DOWNTOWN COMMERCIAL,-122.333211275,47.60201606,PROPERTY,LARCENY-THEFT,Theft of Motor Vehicle Parts or Accessories
12584852788,WALLINGFORD,-122.339734034,47.65741891,PROPERTY,MOTOR VEHICLE THEFT,Motor Vehicle Theft
12584067830,SLU/CASCADE,-122.3503095,47.61796543,PROPERTY,ROBBERY,Robbery
12582114032,BELLTOWN,-122.341752608,47.61173309,PROPERTY,LARCENY-THEFT,Theft From Motor Vehicle
12585764047,SANDPOINT,0.0,0.0,PERSON,HUMAN TRAFFICKING,"Human Trafficking, Commercial Sex Acts"
12585673462,HIGH POINT,-122.376377224,47.54786831,PROPERTY,LARCENY-THEFT,Theft From Building
12579997696,MILLER PARK,-122.311319706,47.62443829,PROPERTY,LARCENY-THEFT,Theft From Motor Vehicle
12579496524,CAPITOL HILL,-122.32089893,47.62153197,PROPERTY,ROBBERY,Robbery
12578986596,WALLINGFORD,-122.336891881,47.653149400000004,PROPERTY,LARCENY-THEFT,Theft From Motor Vehicle
12576031804,ROOSEVELT/RAVENNA,-122.32697455,47.68592294,PROPERTY,FRAUD OFFENSES,Identity Theft
12572815429,BITTERLAKE,-122.357055968,47.71691267,PROPERTY,LARCENY-THEFT,Theft From Motor Vehicle
12570435734,PHINNEY RIDGE,-122.348140628,47.6818033,PROPERTY,LARCENY-THEFT,All Other Larceny
12570669921,HIGH POINT,-122.376422567,47.54559328,PROPERTY,LARCENY-THEFT,Shoplifting
12569307913,CAPITOL HILL,-122.322016608,47.62256335,PROPERTY,LARCENY-THEFT,Theft From Motor Vehicle
12570419327,SLU/CASCADE,-122.332345086,47.62081538,PROPERTY,ROBBERY,Robbery
12568285691,QUEEN ANNE,-122.35054705200001,47.6465158,PROPERTY,LARCENY-THEFT,Theft From Motor Vehicle
12568275470,NORTH BEACON HILL,-122.317744679,47.5899869,PROPERTY,LARCENY-THEFT,All Other Larceny
12567384395,DOWNTOWN COMMERCIAL,-122.338449515,47.60878866,PROPERTY,LARCENY-THEFT,Theft From Motor Vehicle
12567210426,BRIGHTON/DUNLAP,-122.27399864200001,47.53979464,PROPERTY,FRAUD OFFENSES,Identity Theft
12566715173,QUEEN ANNE,-122.34801104799999,47.64073924,PROPERTY,LARCENY-THEFT,All Other Larceny
12566176799,GEORGETOWN,-122.329368515,47.56380429,PROPERTY,FRAUD OFFENSES,Credit Card/Automated Teller Machine Fraud
12566130631,NORTH BEACON HILL,-122.30166388100001,47.58295413,PROPERTY,FRAUD OFFENSES,Identity Theft
12567711299,GEORGETOWN,-122.329580805,47.54925505,PROPERTY,LARCENY-THEFT,All Other Larceny
12570839487,MID BEACON HILL,-122.298060435,47.54267933,PROPERTY,LARCENY-THEFT,Theft of Motor Vehicle Parts or Accessories
12596019593,BELLTOWN,-122.341102347,47.61134853,PROPERTY,DESTRUCTION/DAMAGE/VANDALISM OF PROPERTY,Destruction/Damage/Vandalism of Property
12557492743,CENTRAL AREA/SQUIRE PARK,-122.31281927299999,47.61096316,PROPERTY,LARCENY-THEFT,Theft From Motor Vehicle
12557850969,WALLINGFORD,-122.324572069,47.6613414,PROPERTY,COUNTERFEITING/FORGERY,Counterfeiting/Forgery
12551504231,DOWNTOWN COMMERCIAL,-122.337995355,47.60829217,PROPERTY,LARCENY-THEFT,Theft From Motor Vehicle
12544820882,ROOSEVELT/RAVENNA,-122.32716025200001,47.67844054,PROPERTY,LARCENY-THEFT,Theft From Motor Vehicle
12544811577,DOWNTOWN COMMERCIAL,-122.339812453,47.61027832,PROPERTY,LARCENY-THEFT,Theft From Motor Vehicle
12543833684,PIONEER SQUARE,-122.333268209,47.59678343,PROPERTY,LARCENY-THEFT,Theft From Motor Vehicle
12543824004,QUEEN ANNE,-122.355383386,47.62678118,PROPERTY,LARCENY-THEFT,Theft From Motor Vehicle
12542947649,DOWNTOWN COMMERCIAL,-122.333808099,47.61210339,PROPERTY,LARCENY-THEFT,Theft From Building
12541688752,ROOSEVELT/RAVENNA,-122.339777827,47.68657154,PROPERTY,LARCENY-THEFT,Theft From Motor Vehicle
12540671710,DOWNTOWN COMMERCIAL,-122.34001342200001,47.60882096,PROPERTY,LARCENY-THEFT,All Other Larceny
12538532910,EASTLAKE - WEST,-122.32463795299999,47.64260983,PROPERTY,LARCENY-THEFT,All Other Larceny
12537623523,QUEEN ANNE,-122.340449804,47.63555139,PROPERTY,FRAUD OFFENSES,Identity Theft
12537492583,UNIVERSITY,-122.31550035,47.65908266,PROPERTY,LARCENY-THEFT,All Other Larceny
12537474617,LAKEWOOD/SEWARD PARK,-122.26869601899999,47.55371913,PROPERTY,LARCENY-THEFT,Theft From Motor Vehicle
12537442017,UNIVERSITY,0.0,0.0,PROPERTY,LARCENY-THEFT,Theft From Motor Vehicle
12536569104,SLU/CASCADE,-122.331700196,47.62024125,PROPERTY,MOTOR VEHICLE THEFT,Motor Vehicle Theft
12535702641,CENTRAL AREA/SQUIRE PARK,-122.293491681,47.61952437,PROPERTY,LARCENY-THEFT,Theft From Motor Vehicle
12530627832,NORTHGATE,-122.32876021,47.71407537,SOCIETY,DRIVING UNDER THE INFLUENCE,Driving Under the Influence
12520642722,ROOSEVELT/RAVENNA,-122.317464085,47.68189427,PROPERTY,STOLEN PROPERTY OFFENSES,Stolen Property Offenses
12518692143,DOWNTOWN COMMERCIAL,-122.34013604,47.60602417,PROPERTY,DESTRUCTION/DAMAGE/VANDALISM OF PROPERTY,Destruction/Damage/Vandalism of Property
12518993056,UNIVERSITY,-122.313149,47.66053224,PROPERTY,DESTRUCTION/DAMAGE/VANDALISM OF PROPERTY,Destruction/Damage/Vandalism of Property
12515912118,CENTRAL AREA/SQUIRE PARK,-122.296212259,47.61227923,PROPERTY,LARCENY-THEFT,Shoplifting
12514523486,ROOSEVELT/RAVENNA,-122.298411155,47.66332336,PROPERTY,LARCENY-THEFT,Shoplifting
